frameNo,x1,y1,x2,y2,x3,y3,x4,y4,x5,y5,x6,y6,x7,y7,x8,y8,x9,y9,x10,y10,x11,y11,x12,y12,x13,y13,x14,y14,x15,y15,x16,y16,x17,y17
0,253.3634490966797,281.9242858886719,259.12994384765625,270.4084167480469,233.18064880371094,274.0071105957031,275.7086486816406,264.6504821777344,218.764404296875,285.5229797363281,331.93212890625,302.7967529296875,223.08926391601562,354.61810302734375,422.754638671875,270.4084167480469,148.12466430664062,410.0381774902344,521.506103515625,217.86732482910156,40.72344207763672,474.8149108886719,348.5108337402344,510.80194091796875,275.7086486816406,502.8847961425781,320.39910888671875,671.3042602539062,195.69834899902344,579.8970947265625,286.5208740234375,788.6220092773438,274.26702880859375,650.4317016601562
1,237.97250366210938,286.1553039550781,253.8273162841797,268.8725280761719,225.00039672851562,277.513916015625,273.2854919433594,265.9920959472656,217.79368591308594,287.59552001953125,332.3806457519531,301.2777099609375,220.67637634277344,358.1667175292969,423.9060363769531,265.27197265625,144.28506469726562,414.3356628417969,34.74281311035156,475.5453796386719,40.50819396972656,474.1051940917969,348.2354431152344,508.670654296875,274.726806640625,501.469482421875,321.570556640625,671.41650390625,198.3355255126953,579.2418823242188,274.726806640625,646.2124633789062,274.726806640625,646.9326782226562
2,254.837890625,275.6546630859375,257.0006103515625,263.4155578613281,229.60643005371094,275.6546630859375,273.5812683105469,263.4155578613281,218.07203674316406,289.33367919921875,332.6950378417969,301.5727844238281,225.28103637695312,354.12896728515625,427.8537292480469,252.6163330078125,148.14480590820312,415.32452392578125,37.84721374511719,477.24005126953125,45.777103424072266,470.0405578613281,350.717529296875,506.0379333496094,276.4648742675781,505.3180236816406,315.3934631347656,675.2257080078125,196.445068359375,580.1925659179688,275.7439880371094,645.7078247070312,275.0231018066406,644.2679443359375
3,265.6894836425781,267.5875549316406,266.4095458984375,258.2326354980469,249.12802124023438,266.1483154296875,218.88531494140625,289.89544677734375,220.32545471191406,289.17584228515625,335.5357360839844,298.53076171875,221.04551696777344,358.9779357910156,417.6230773925781,258.2326354980469,417.6230773925781,259.6718444824219,41.02946090698242,476.9938659667969,41.74952697753906,476.9938659667969,352.8172912597656,507.9370422363281,278.6506652832031,500.7409362792969,320.41436767578125,665.531494140625,194.40313720703125,577.7391357421875,274.33026123046875,640.3451538085938,280.09075927734375,647.541259765625
4,213.84732055664062,297.3153076171875,215.28799438476562,285.7939453125,214.5676727294922,285.7939453125,217.44900512695312,292.27471923828125,264.9911193847656,264.9114074707031,226.093017578125,355.6424255371094,326.2196044921875,305.2362976074219,140.37315368652344,424.7708435058594,416.9817810058594,258.43060302734375,42.4075927734375,481.65777587890625,43.127925872802734,480.93768310546875,351.43133544921875,509.0210876464844,280.1181640625,501.1000671386719,319.0162658691406,681.842041015625,197.99996948242188,577.4293823242188,272.1944885253906,639.3568725585938,281.558837890625,649.4381713867188
5,214.1894073486328,298.28289794921875,261.7596740722656,263.750244140625,215.6309356689453,286.0525817871094,216.35169982910156,292.5274658203125,268.96728515625,265.1891174316406,332.394287109375,297.5634460449219,332.394287109375,299.0023193359375,143.55477905273438,423.4637451171875,421.7687683105469,254.39764404296875,41.206634521484375,481.7376403808594,46.2519645690918,477.42108154296875,351.13409423828125,509.07598876953125,279.0579528808594,501.1622314453125,323.0244140625,681.7392578125,196.89114379882812,577.421875,271.850341796875,638.5734252929688,280.4994812011719,647.926025390625
6,220.39759826660156,297.6815490722656,249.23068237304688,273.21954345703125,218.95596313476562,285.4505615234375,267.2513427734375,267.4637756347656,216.07264709472656,292.645263671875,328.5216064453125,299.8399658203125,220.39759826660156,361.7144775390625,415.74163818359375,250.1964569091797,153.36073303222656,422.1500244140625,494.31170654296875,192.63877868652344,54.60749053955078,487.62188720703125,354.47137451171875,507.0476379394531,280.2262268066406,505.6086730957031,321.3133544921875,683.3179931640625,195.16867065429688,578.2752075195312,285.99285888671875,800.5917358398438,278.0637512207031,642.30810546875
7,259.0992736816406,282.01141357421875,260.5411376953125,269.7755126953125,240.35462951660156,275.5335998535156,274.9601135253906,266.1767272949219,218.00523376464844,293.5275573730469,330.47308349609375,297.1263427734375,224.49375915527344,362.6244201660156,414.823974609375,250.342041015625,155.2827911376953,420.9249267578125,49.303466796875,494.3403015136719,52.908199310302734,492.90081787109375,354.9853210449219,507.2959899902344,281.4486389160156,505.85650634765625,324.70550537109375,690.11474609375,193.4929962158203,577.1126098632812,284.3324279785156,651.247802734375,277.8439025878906,644.7699584960938
8,261.8745422363281,281.4654846191406,261.8745422363281,267.7866516113281,242.4208526611328,277.1458740234375,274.1231689453125,267.06671142578125,222.96714782714844,291.5446472167969,334.6457824707031,295.8642883300781,225.8491668701172,361.3786926269531,419.6656494140625,242.58880615234375,151.6369171142578,423.2934265136719,491.7164001464844,187.15353393554688,53.647918701171875,491.6876220703125,354.8199768066406,503.2066345214844,281.3282470703125,502.4866638183594,325.2791748046875,683.9112548828125,192.70582580566406,579.5201416015625,289.2538146972656,794.0618896484375,280.60772705078125,647.1943969726562
9,268.10125732421875,278.1487121582031,265.2181396484375,266.6318359375,248.6402587890625,269.51104736328125,221.97149658203125,289.6655578613281,222.69227600097656,289.6655578613281,337.2958679199219,294.7041931152344,229.1792755126953,358.0469970703125,420.18524169921875,242.15847778320312,157.10154724121094,419.2303771972656,485.7760009765625,188.8929443359375,56.91352081298828,492.65045166015625,356.7568359375,504.8870849609375,284.67913818359375,504.16729736328125,322.88031005859375,684.118408203125,194.58197021484375,576.8675537109375,286.8414611816406,803.60595703125,283.9583435058594,645.2489624023438
10,273.61920166015625,281.4504089355469,277.94140625,268.4921569824219,257.7712097167969,272.81158447265625,228.95660400390625,284.33001708984375,229.67697143554688,284.33001708984375,338.4520568847656,298.72808837890625,229.67697143554688,357.7601318359375,421.2939758300781,245.45526123046875,155.4794158935547,413.9125671386719,56.78945541381836,483.0232238769531,56.78945541381836,483.7431335449219,355.74078369140625,503.90045166015625,281.5432434082031,501.02081298828125,325.4854736328125,680.99658203125,190.05690002441406,578.0504150390625,282.26361083984375,647.8810424804688,282.26361083984375,647.8810424804688
11,280.54217529296875,275.150390625,282.7029724121094,265.0767517089844,264.6964111328125,271.55267333984375,229.403564453125,278.028564453125,230.84408569335938,276.5894775390625,229.403564453125,357.1785583496094,335.2821350097656,299.61492919921875,149.45443725585938,414.7422180175781,420.2730712890625,245.6490478515625,50.77849578857422,478.0621643066406,492.29931640625,185.2072296142578,354.0089416503906,503.9657897949219,280.54217529296875,501.8071594238281,323.7579345703125,683.8521118164062,192.67019653320312,580.9571533203125,276.2206115722656,642.8380737304688,280.54217529296875,642.8380737304688
12,276.98101806640625,271.47271728515625,281.3048095703125,260.6752624511719,261.1271057128906,268.5933837890625,232.30178833007812,277.2313537597656,233.7430419921875,277.2313537597656,341.8379821777344,295.9469299316406,341.8379821777344,298.1064453125,141.50201416015625,413.2792663574219,424.7107849121094,244.11915588378906,46.378448486328125,469.4260559082031,47.81971740722656,468.7062072753906,352.6474914550781,503.9779052734375,278.42230224609375,501.81842041015625,323.8221740722656,681.05615234375,187.62254333496094,581.7196044921875,280.5841979980469,647.22412109375,282.02545166015625,647.22412109375
13,285.131103515625,270.4319152832031,286.5729675292969,255.30821228027344,269.27044677734375,261.0696105957031,236.82823181152344,272.5924377441406,238.9910430908203,271.87225341796875,231.78167724609375,349.6512756347656,342.0852355957031,299.2389221191406,146.71095275878906,402.94427490234375,426.4350280761719,248.1064453125,37.84926223754883,463.4391174316406,38.5702018737793,463.4391174316406,282.9682922363281,503.7689208984375,356.5039978027344,504.4891052246094,321.1780090332031,679.491943359375,322.6199035644531,677.3313598632812,277.9217224121094,647.80419921875,282.24737548828125,647.083984375
14,286.6437683105469,270.0251770019531,290.96856689453125,257.7918395996094,270.7861633300781,263.5487060546875,305.38458251953125,257.0722351074219,241.95411682128906,272.18402099609375,344.30780029296875,302.4076232910156,235.4669189453125,344.14495849609375,427.1998291015625,257.0722351074219,141.76287841796875,400.2745056152344,39.40921401977539,449.92755126953125,40.85081481933594,449.92755126953125,347.19097900390625,509.6551208496094,274.3901672363281,501.0198059082031,324.1253662109375,681.6417236328125,187.1732940673828,582.3356323242188,272.94854736328125,643.5023803710938,273.6693420410156,644.2220458984375
15,286.9261169433594,269.11993408203125,290.5288391113281,256.88421630859375,270.3536682128906,263.3619384765625,305.6602478027344,256.1644592285156,241.53192138671875,272.71868896484375,344.569580078125,302.2283630371094,234.32652282714844,346.852783203125,426.71148681640625,256.1644592285156,142.09701538085938,399.3944091796875,39.77992630004883,449.7768859863281,41.94155502319336,449.7768859863281,347.4517517089844,509.5159606933594,274.6769104003906,500.87896728515625,324.3943786621094,682.255615234375,186.77069091796875,582.2105712890625,272.5152893066406,644.1089477539062,273.95635986328125,644.8287353515625
16,304.5805969238281,272.806640625,308.9011535644531,259.85565185546875,293.7791442871094,261.294677734375,255.6140594482422,263.4531555175781,316.10211181640625,259.85565185546875,238.33175659179688,336.1226806640625,358.5877685546875,309.5011901855469,143.99917602539062,374.2561950683594,440.6787414550781,274.9651794433594,28.783824920654297,411.67022705078125,503.32708740234375,208.0516357421875,276.496826171875,502.3272399902344,349.9466247558594,508.0832824707031,181.4441680908203,578.5942993164062,324.7432556152344,663.4954223632812,259.21453857421875,640.4713745117188,285.85809326171875,798.7614135742188
17,310.64263916015625,265.36309814453125,314.2472839355469,253.84210205078125,299.8287048339844,259.60260009765625,255.13108825683594,262.48284912109375,320.0147399902344,260.3226623535156,237.10784912109375,330.1686706542969,357.5030517578125,310.72698974609375,140.5033416748047,365.45172119140625,441.13079833984375,285.52484130859375,12.898874282836914,401.454833984375,507.4563293457031,211.3584442138672,273.1543273925781,504.4237060546875,348.1309509277344,510.9042663574219,178.71258544921875,579.3101196289062,320.73565673828125,664.9974975585938,265.2240905761719,648.43603515625,284.6891784667969,795.3286743164062
18,316.997802734375,257.6966247558594,322.76397705078125,246.1818389892578,302.58233642578125,246.1818389892578,272.3098449707031,254.81793212890625,328.5301513671875,251.93922424316406,237.71273803710938,326.7853698730469,361.68572998046875,310.23284912109375,129.5967559814453,354.8526611328125,442.4123229980469,303.0361022949219,32.292381286621094,372.1248474121094,513.048095703125,226.75059509277344,263.6605529785156,508.14337158203125,344.3871765136719,511.0220642089844,169.23928833007812,583.7091674804688,319.8808898925781,668.6307983398438,265.10211181640625,652.0782470703125,289.6084289550781,795.2935180664062
19,316.2802429199219,251.0563507080078,326.3731384277344,238.8204803466797,301.1408996582031,238.8204803466797,336.4660339355469,249.61683654785156,274.466796875,250.33657836914062,361.69830322265625,312.9555358886719,239.86256408691406,322.3124084472656,439.5578308105469,312.2358093261719,133.8871307373047,346.064453125,510.20806884765625,246.01805114746094,52.42300796508789,358.3003234863281,337.18695068359375,513.7681274414062,259.32745361328125,506.5705261230469,317.7220764160156,670.6754150390625,171.37503051757812,585.743896484375,257.8856201171875,645.48388671875,285.2806091308594,801.67138671875
20,322.59326171875,259.1393127441406,332.67437744140625,247.623779296875,308.91180419921875,246.90408325195312,338.43499755859375,251.22239685058594,282.2688903808594,249.063232421875,362.19757080078125,318.8760681152344,239.78428649902344,321.75494384765625,438.5258483886719,321.75494384765625,147.6143035888672,334.70989990234375,510.53369140625,256.9801330566406,18.000240325927734,353.422607421875,337.71490478515625,509.6018371582031,256.3460998535156,506.00323486328125,313.2322692871094,679.4556884765625,171.3768768310547,587.33154296875,263.546875,650.6668701171875,262.8267822265625,650.6668701171875
21,321.6909484863281,254.68936157226562,331.7703857421875,244.6083984375,305.13189697265625,242.44818115234375,343.28973388671875,253.2492218017578,283.5331115722656,244.6083984375,359.84881591796875,319.4956359863281,240.33554077148438,319.4956359863281,437.6044006347656,329.57659912109375,156.10028076171875,329.57659912109375,523.99951171875,267.650634765625,32.26725769042969,341.81781005859375,333.2102966308594,509.5940246582031,257.61456298828125,504.5535583496094,312.33148193359375,680.2505493164062,166.17971801757812,588.0816040039062,260.4944152832031,650.7276611328125,260.4944152832031,650.7276611328125
22,335.2134094238281,259.1029357910156,341.6983642578125,246.14181518554688,322.2434387207031,243.98162841796875,348.9039001464844,256.22265625,291.2596435546875,246.14181518554688,357.550537109375,328.9488525390625,240.100341796875,318.86798095703125,426.0030822753906,352.7108459472656,138.50230407714844,320.30810546875,511.0284729003906,294.3858947753906,62.84418487548828,322.4682922363281,330.89007568359375,512.5643920898438,255.9525146484375,502.4835510253906,306.3912353515625,683.2189331054688,163.7216796875,587.4507446289062,256.6730651855469,651.5362548828125,284.0541076660156,797.7085571289062
23,336.2559509277344,264.3479919433594,347.0637512207031,253.5494842529297,325.44818115234375,250.66986083984375,354.2689208984375,257.868896484375,297.34796142578125,244.1907501220703,356.43048095703125,326.2596130371094,240.427001953125,314.0212707519531,424.15924072265625,359.3751220703125,141.71595764160156,312.58148193359375,503.4162292480469,310.4217834472656,18.507299423217773,311.861572265625,329.05078125,516.3138427734375,251.2347869873047,511.9944152832031,303.8326416015625,681.891357421875,161.89048767089844,594.063232421875,256.9989318847656,650.9356079101562,246.91168212890625,644.4564208984375
24,341.00518798828125,263.67132568359375,353.2473449707031,253.5895538330078,329.483154296875,250.70904541015625,356.8479919433594,262.2310791015625,297.79754638671875,249.98890686035156,357.568115234375,333.5235900878906,240.907470703125,313.3600158691406,419.49908447265625,368.80975341796875,138.64938354492188,309.7593994140625,500.8735046386719,321.2814025878906,75.27816772460938,308.31915283203125,329.483154296875,517.8759155273438,248.82888793945312,513.5551147460938,305.7189636230469,682.0647583007812,162.41358947753906,594.2092895507812,240.907470703125,643.1779174804688,285.5553894042969,800.1654052734375
25,348.7898864746094,268.3169250488281,357.4307861328125,258.9586486816406,337.98876953125,255.3592987060547,304.8653259277344,252.4798126220703,302.7051086425781,252.4798126220703,356.7107238769531,335.2647399902344,242.21881103515625,312.22894287109375,415.0367736816406,374.1376647949219,139.2480926513672,302.1507873535156,499.28558349609375,333.82501220703125,33.3970832824707,292.79248046875,250.85971069335938,512.3525390625,249.4195556640625,513.0723876953125,158.6901092529297,595.137451171875,301.9850158691406,679.3621215820312,253.0199432373047,651.2872314453125,282.5429992675781,799.5802612304688
26,350.50732421875,273.4463806152344,362.7552490234375,268.4070739746094,334.65704345703125,258.32855224609375,362.7552490234375,269.1269836425781,313.0429992675781,249.68978881835938,359.8733825683594,338.9569396972656,246.76002502441406,307.281494140625,409.5856018066406,392.94915771484375,143.7332000732422,295.04327392578125,503.966796875,356.23443603515625,29.178922653198242,274.88616943359375,325.29095458984375,518.9310302734375,247.48049926757812,511.0121154785156,163.18582153320312,599.5593872070312,305.8383483886719,673.7086791992188,253.96470642089844,657.151123046875,285.6652526855469,798.2507934570312
27,351.50537109375,275.8766174316406,362.3176574707031,270.119384765625,341.41387939453125,262.2031555175781,369.5259094238281,272.2783508300781,314.7434997558594,251.40830993652344,360.15521240234375,340.6457214355469,246.98635864257812,307.54150390625,399.07952880859375,400.377197265625,151.83802795410156,295.3073425292969,492.0653991699219,376.6285400390625,39.389984130859375,272.2783508300781,322.67254638671875,517.6812133789062,246.98635864257812,513.36328125,302.48956298828125,680.3236083984375,161.9295196533203,599.7220458984375,237.6156768798828,642.9014892578125,284.4690246582031,801.9456176757812
28,362.398193359375,284.5292053222656,370.32733154296875,275.8896789550781,353.0274353027344,271.5699157714844,371.048095703125,278.76953125,319.869384765625,252.8509521484375,361.6773681640625,342.12603759765625,248.50747680664062,307.5679626464844,396.9979248046875,410.5223083496094,149.0333251953125,286.6890869140625,490.7054443359375,393.96319580078125,45.95503616333008,268.6900634765625,319.869384765625,517.79638671875,247.0658416748047,509.8768310546875,300.40704345703125,679.7875366210938,164.8915252685547,601.3118286132812,240.57839965820312,645.2293701171875,284.5488586425781,804.3406982421875
29,365.5374755859375,285.6241455078125,373.4626770019531,274.8249816894531,361.21466064453125,273.38507080078125,375.62408447265625,275.544921875,321.5887756347656,254.66651916503906,360.49420166015625,342.4997253417969,256.74639892578125,305.7825927734375,392.1949157714844,415.214111328125,157.32144165039062,287.0639953613281,487.2970275878906,410.1745300292969,48.53035354614258,263.30584716796875,246.65980529785156,509.52685546875,323.0296936035156,516.7262573242188,160.92379760742188,602.3997192382812,305.0179443359375,682.3135375976562,245.2188720703125,647.7561645507812,285.56524658203125,800.3844604492188
30,361.71807861328125,287.96685791015625,376.1363830566406,280.7658996582031,357.392578125,269.9645080566406,376.8573303222656,283.6462707519531,329.2768249511719,257.722900390625,360.9971618652344,346.29443359375,257.9061584472656,302.36871337890625,386.2292175292969,424.0645446777344,168.51255798339844,279.3257141113281,478.5064392089844,442.7869873046875,61.81696319580078,244.76123046875,314.8585510253906,515.5164794921875,241.32508850097656,502.55474853515625,299.71929931640625,685.4586181640625,162.74520874023438,598.3272705078125,286.7427978515625,785.5515747070312,236.27867126464844,642.2529907226562
31,366.7909240722656,290.559814453125,376.1620178222656,286.2395935058594,355.97808837890625,274.7190856933594,374.7203369140625,286.9596252441406,331.468994140625,261.75848388671875,365.34918212890625,348.1623840332031,257.9417724609375,300.6402587890625,386.2540283203125,428.8060302734375,168.55569458007812,274.7190856933594,476.36090087890625,459.7674255371094,68.3568115234375,239.43748474121094,312.7267761230469,514.4898681640625,239.9203643798828,500.0892639160156,296.8679504394531,679.3773193359375,164.23057556152344,600.893798828125,239.9203643798828,643.375732421875,239.19952392578125,643.375732421875
32,366.1116638183594,295.5606384277344,376.9175720214844,286.19842529296875,356.7465515136719,276.83624267578125,378.3583984375,292.6799621582031,333.6939392089844,260.2723693847656,364.6708679199219,353.894287109375,262.3749084472656,299.1614685058594,383.401123046875,429.5119934082031,157.91775512695312,262.432861328125,468.4076232910156,471.28179931640625,72.19084930419922,233.62611389160156,309.2005310058594,512.3314208984375,238.60189819335938,497.9280090332031,295.5130310058594,681.571044921875,164.40130615234375,596.5911254882812,233.5591278076172,642.6819458007812,233.5591278076172,642.6819458007812
33,376.7928161621094,302.449462890625,382.5517883300781,292.3690185546875,371.0339050292969,288.76885986328125,341.519287109375,266.4477844238281,338.63983154296875,262.84765625,365.99481201171875,352.13177490234375,261.6139831542969,301.0093994140625,382.5517883300781,434.2155456542969,170.1907501220703,265.00775146484375,463.8968505859375,480.29766845703125,70.84899139404297,221.8057403564453,309.125244140625,510.5390625,236.41859436035156,495.4183654785156,294.0080261230469,681.1869506835938,166.59141540527344,601.2633056640625,234.97885131835938,641.5851440429688,234.97885131835938,642.3051147460938
34,381.052490234375,303.21875,387.53546142578125,295.2987365722656,376.0102233886719,289.53875732421875,346.4767150878906,268.65875244140625,338.5531005859375,265.05877685546875,368.0865783691406,355.7786560058594,268.6811828613281,298.8987121582031,380.3321533203125,440.0185852050781,178.6400604248047,254.2587890625,455.24639892578125,494.7384948730469,92.20057678222656,220.4188232421875,302.5366516113281,522.0984497070312,230.5037384033203,500.49847412109375,294.613037109375,683.3782958984375,164.2334747314453,602.7384033203125,282.3674621582031,800.0181274414062,235.5460662841797,649.538330078125
35,382.06903076171875,305.48004150390625,387.11395263671875,293.2412414550781,377.02410888671875,290.36151123046875,349.637451171875,269.4835205078125,343.8718566894531,263.0041809082031,366.9342956542969,353.71533203125,266.0361022949219,294.68109130859375,377.02410888671875,437.2272644042969,177.38980102539062,247.8856201171875,451.25640869140625,496.26153564453125,67.84314727783203,189.57130432128906,302.0711669921875,517.1394653320312,232.1631317138672,496.26153564453125,290.5399475097656,684.8831787109375,161.53436279296875,600.6513671875,233.60452270507812,648.166748046875,234.32522583007812,648.88671875
36,378.59527587890625,303.6783447265625,385.796142578125,293.6010437011719,371.3944091796875,284.96337890625,379.31536865234375,293.6010437011719,344.0311279296875,263.3691711425781,364.19354248046875,354.7846374511719,269.14215087890625,295.7604675292969,377.87518310546875,439.0020446777344,177.691162109375,247.53343200683594,448.4436340332031,500.9054260253906,85.52009582519531,189.9488983154297,300.825927734375,518.1807861328125,230.25746154785156,497.3063659667969,291.4648132324219,685.895751953125,161.12916564941406,602.3981323242188,234.57797241210938,649.9053955078125,236.73825073242188,650.6251831054688
37,374.1011962890625,300.6548767089844,382.0306091308594,291.2996826171875,364.7301330566406,278.34637451171875,386.355712890625,298.4959716796875,343.82537841796875,266.832275390625,366.1718444824219,359.66448974609375,278.9486083984375,300.6548767089844,379.147216796875,443.1414794921875,185.2377166748047,251.7200927734375,445.4656982421875,505.02960205078125,447.62823486328125,505.7492370605469,299.13250732421875,515.1043701171875,231.372314453125,493.5155029296875,292.6448059082031,680.619140625,163.61212158203125,600.7402954101562,280.39031982421875,802.9560546875,232.8140411376953,646.076904296875
38,379.8515319824219,302.89715576171875,388.4969482421875,297.1400146484375,386.33563232421875,296.4203796386719,351.7538757324219,274.11151123046875,347.43115234375,266.91510009765625,367.60382080078125,359.0291748046875,364.7220153808594,358.30950927734375,379.1310729980469,443.2272033691406,378.41064453125,443.9468078613281,438.2082214355469,507.994873046875,438.92864990234375,509.4341735839844,229.2769012451172,502.2377624511719,302.0426330566406,512.3126831054688,289.0744934082031,680.7088012695312,163.71572875976562,601.5482177734375,281.1495056152344,804.4869995117188,233.59963989257812,646.1659545898438
39,383.39544677734375,307.3709716796875,389.8790283203125,295.8515625,384.11578369140625,294.4116516113281,350.25689697265625,272.09283447265625,345.21405029296875,265.6131591796875,366.1057434082031,357.04840087890625,363.9445495605469,356.32843017578125,377.6322021484375,443.44390869140625,377.6322021484375,446.3237609863281,436.7052307128906,510.400390625,436.7052307128906,510.400390625,231.39036560058594,498.8809814453125,303.4306945800781,509.680419921875,289.7430114746094,678.1516723632812,165.8336944580078,603.2755126953125,280.3777770996094,803.4251098632812,237.15362548828125,651.5130004882812
40,386.15960693359375,307.5712890625,389.7616271972656,296.05584716796875,386.15960693359375,295.3360900878906,355.1822509765625,273.7445983886719,344.37615966796875,265.10797119140625,364.5474853515625,356.5121154785156,276.658203125,297.4952697753906,377.5147399902344,447.19647216796875,185.8872833251953,249.27420043945312,434.42669677734375,509.8118896484375,434.42669677734375,510.5315856933594,298.27032470703125,519.887939453125,302.5927429199219,509.8118896484375,288.90509033203125,683.9835205078125,165.71597290039062,601.9357299804688,278.0990295410156,801.2975463867188,236.31556701660156,650.8765258789062
41,342.93597412109375,262.7082214355469,352.2929382324219,261.26861572265625,345.8150329589844,252.63108825683594,371.0069274902344,288.620849609375,344.37548828125,264.1477966308594,363.8092041015625,357.00146484375,272.3987121582031,298.697998046875,375.3254699707031,440.4977722167969,186.74636840820312,250.4716796875,433.626708984375,508.87841796875,103.97308349609375,195.0474090576172,299.0301208496094,518.9555053710938,230.65220642089844,495.92205810546875,288.2336120605469,681.62939453125,165.15335083007812,601.01220703125,279.59637451171875,798.236328125,233.53125,647.7989501953125
42,338.6512145996094,264.5806884765625,353.05792236328125,260.2625427246094,344.41387939453125,255.94435119628906,369.6256408691406,291.2093811035156,339.37152099609375,259.5428466796875,361.7019348144531,360.3000793457031,268.77862548828125,299.8457336425781,374.66796875,443.0649719238281,182.3383331298828,254.5049591064453,431.57452392578125,511.4359436035156,87.2540054321289,200.5278778076172,301.1937255859375,522.9511108398438,230.600830078125,500.64056396484375,290.3887023925781,676.9657592773438,167.21127319335938,603.556884765625,281.7446594238281,799.3138427734375,233.48216247558594,651.0567016601562
43,375.48260498046875,304.1271057128906,382.6802062988281,296.9326477050781,369.72454833984375,286.1409912109375,342.3736877441406,265.277099609375,339.4946594238281,262.3993225097656,362.52691650390625,358.08544921875,266.0792541503906,299.09100341796875,376.202392578125,443.6993408203125,172.5105743408203,250.16876220703125,428.0249938964844,507.72991943359375,84.69996643066406,208.44097900390625,301.347412109375,521.3993530273438,233.6900634765625,499.0965881347656,292.7103271484375,681.1160888671875,169.63153076171875,601.9771728515625,233.6900634765625,645.143798828125,235.12960815429688,646.5827026367188
44,375.38531494140625,303.82550048828125,382.5914001464844,293.02752685546875,372.50286865234375,287.98846435546875,343.6784973144531,264.23284912109375,336.472412109375,260.6335144042969,364.576171875,355.6559143066406,266.57330322265625,302.38580322265625,377.5471496582031,442.759765625,175.055908203125,252.7150115966797,430.8722229003906,506.1080017089844,83.53851318359375,205.2038116455078,233.42527770996094,503.9484558105469,308.36865234375,517.6258544921875,294.67706298828125,681.0355224609375,172.1734619140625,600.4105224609375,235.58709716796875,645.7620849609375,237.0283203125,646.4819946289062
45,370.307861328125,295.1660461425781,381.1057434082031,284.3695373535156,353.7511901855469,271.4137268066406,375.34686279296875,286.5288391113281,331.4356384277344,259.8974609375,366.7086181640625,352.027587890625,264.489013671875,297.3253173828125,381.1057434082031,439.1193542480469,168.74813842773438,257.7381591796875,434.37506103515625,503.1785888671875,78.04625701904297,215.99168395996094,307.6803894042969,514.6948852539062,234.97491455078125,503.1785888671875,294.72296142578125,676.6423950195312,173.06729125976562,600.3471069335938,285.3648376464844,793.96435546875,242.17347717285156,647.8516845703125
46,368.2955627441406,296.52313232421875,377.659912109375,285.0008850097656,360.37188720703125,280.6800231933594,377.659912109375,286.441162109375,330.838134765625,259.7959289550781,363.97357177734375,351.2538757324219,260.2452087402344,298.6835632324219,382.7023010253906,434.07012939453125,169.48294067382812,260.5160827636719,439.6087646484375,501.7634582519531,75.11896514892578,227.38954162597656,310.6687316894531,511.845458984375,240.07583618164062,499.6029968261719,295.5416564941406,680.3585205078125,175.24562072753906,601.1429443359375,283.29595947265625,797.0214233398438,245.1181640625,648.6723022460938
47,363.9607238769531,289.758544921875,376.936279296875,281.1255187988281,356.03125,276.089599609375,379.8196716308594,286.16143798828125,327.1968078613281,262.4206848144531,363.2398986816406,347.3119812011719,257.2732238769531,300.5498352050781,381.2614440917969,427.8868103027344,173.65328979492188,267.45660400390625,438.9303283691406,494.0732727050781,62.640621185302734,225.7303466796875,309.8961181640625,515.6558227539062,239.97256469726562,496.9509582519531,295.4789123535156,674.6471557617188,176.5367431640625,597.66943359375,284.6659851074219,797.6676025390625,248.62290954589844,652.34521484375
48,356.42657470703125,284.245849609375,370.10772705078125,277.0442810058594,347.78582763671875,264.8016357421875,375.8683166503906,284.245849609375,324.02374267578125,256.1597900390625,362.9071350097656,349.7799377441406,258.498046875,298.64892578125,384.5090026855469,428.9969787597656,159.12942504882812,263.361328125,442.8341064453125,493.8108825683594,66.9614028930664,231.6745147705078,308.9024353027344,518.2962036132812,237.6162567138672,498.8519592285156,296.661376953125,674.56982421875,174.97079467773438,598.2333984375,284.4203186035156,797.71630859375,244.81686401367188,649.3644409179688
49,362.5518493652344,290.4914245605469,371.1982116699219,278.2617492675781,356.78759765625,276.82293701171875,370.4776916503906,278.98114013671875,320.7611389160156,257.3992919921875,361.8313293457031,347.3235778808594,255.19296264648438,302.0017395019531,386.3293151855469,425.01812744140625,160.80361938476562,272.506591796875,446.13323974609375,483.2890625,54.88579559326172,234.37869262695312,312.1147766113281,510.6260070800781,242.2234344482422,498.3963317871094,294.82208251953125,679.6836547851562,179.53738403320312,600.5503540039062,244.38504028320312,647.3109741210938,243.66448974609375,647.3109741210938
50,353.7313537597656,280.8917541503906,363.82275390625,271.5308837890625,340.035888671875,262.89007568359375,366.70599365234375,279.45159912109375,314.80743408203125,257.12957763671875,362.3811340332031,347.8578796386719,255.70069885253906,303.9338684082031,388.3304138183594,422.024658203125,168.48223876953125,280.17169189453125,448.157958984375,476.74969482421875,52.43124008178711,238.40785217285156,312.6449890136719,512.0328979492188,242.00523376464844,501.23193359375,296.0662536621094,674.0477905273438,181.45687866210938,603.4813232421875,286.6956787109375,791.4185180664062,244.88848876953125,650.2855834960938
51,349.3944396972656,278.5133056640625,360.20013427734375,269.1510314941406,335.707275390625,261.2291259765625,367.4039001464844,272.75189208984375,310.4940185546875,256.9080810546875,360.9205017089844,344.0491638183594,251.42300415039062,302.9992370605469,390.4560241699219,420.3876037597656,162.8164825439453,280.673828125,450.2474365234375,469.3594970703125,54.75974655151367,250.426513671875,311.9347839355469,514.01025390625,237.73580932617188,504.64801025390625,296.0864562988281,676.7696533203125,185.14820861816406,603.3118286132812,286.7215270996094,791.9974975585938,246.38035583496094,650.1231689453125
52,344.6267395019531,275.9244689941406,358.30633544921875,265.1275329589844,334.5469970703125,262.9681396484375,367.66607666015625,265.8473205566406,309.3476867675781,255.05039978027344,359.7463073730469,340.70611572265625,250.30931091308594,306.8757019042969,391.4254150390625,417.0045166015625,158.15184020996094,285.2818298339844,455.503662109375,462.35162353515625,42.955013275146484,255.77020263671875,315.1075439453125,515.6165771484375,243.10951232910156,502.66021728515625,296.3880310058594,679.0101928710938,184.07113647460938,601.2722778320312,284.14837646484375,796.3369750976562,246.70941162109375,650.938232421875
53,338.4931335449219,270.8277587890625,352.17510986328125,260.0273132324219,324.8111267089844,253.54702758789062,354.33544921875,263.62744140625,299.6074523925781,251.3869171142578,353.6153259277344,335.6305847167969,244.1593780517578,305.3892517089844,388.9004211425781,404.0335693359375,150.54576110839844,293.1487121582031,460.19085693359375,446.5154113769531,31.728464126586914,272.98785400390625,315.44976806640625,511.3182067871094,242.71917724609375,505.5579528808594,293.84661865234375,681.9656372070312,183.6705780029297,597.7219848632812,247.03982543945312,651.0042724609375,246.31968688964844,648.8441772460938
54,334.9394226074219,268.1496887207031,345.02874755859375,258.7939453125,319.805419921875,256.6349182128906,351.5147705078125,260.2333068847656,293.8614196777344,253.03656005859375,351.5147705078125,331.48101806640625,241.97340393066406,309.89080810546875,389.7101135253906,400.5697326660156,149.72805786132812,299.0956726074219,461.7767639160156,437.9927978515625,32.259368896484375,286.8612365722656,316.9227294921875,512.8388671875,246.2974090576172,507.08148193359375,293.1407470703125,687.7196044921875,185.04071044921875,599.91943359375,247.73873901367188,652.4556884765625,247.01808166503906,649.5769653320312
55,331.1414794921875,269.2074279785156,339.78973388671875,259.1347351074219,315.286376953125,254.81788635253906,342.6725158691406,261.2931823730469,289.3415832519531,255.53736877441406,349.15869140625,332.52154541015625,240.33482360839844,313.09564208984375,388.7965087890625,395.83563232421875,144.4833221435547,304.4618835449219,467.3515319824219,428.2121887207031,29.173255920410156,300.14501953125,317.44842529296875,513.110595703125,242.4968719482422,505.19635009765625,187.00390625,597.28955078125,187.724609375,598.009033203125,249.70375061035156,649.8115234375,248.9830780029297,648.37255859375
56,322.757568359375,270.99078369140625,331.40380859375,260.1902160644531,309.78814697265625,259.4701843261719,340.7705993652344,260.9102783203125,283.1288757324219,258.0301208496094,346.5347595214844,330.7537536621094,235.57444763183594,317.7931213378906,390.4865417480469,391.2367858886719,151.99398803710938,314.19293212890625,471.9054870605469,417.8781433105469,87.8675765991211,309.1526794433594,319.87548828125,510.0427551269531,244.94122314453125,508.60272216796875,297.539306640625,675.6510620117188,188.02005004882812,602.2073974609375,250.70541381835938,650.4497680664062,250.70541381835938,650.4497680664062
57,313.92572021484375,267.2981262207031,321.12652587890625,255.7819366455078,297.3638916015625,256.501708984375,271.4410400390625,257.94122314453125,329.7674865722656,260.10052490234375,231.1165771484375,320.5605163574219,339.1285095214844,327.7581481933594,387.37384033203125,379.5810241699219,387.37384033203125,379.5810241699219,484.58453369140625,394.6960144042969,483.8644714355469,394.6960144042969,254.1591339111328,505.5393981933594,323.2867431640625,514.1765747070312,192.23228454589844,601.987548828125,303.8446044921875,673.2439575195312,254.1591339111328,651.651123046875,282.24224853515625,794.8837890625
58,311.7623596191406,270.5024719238281,320.4093017578125,258.263427734375,297.3508605957031,258.263427734375,262.7632751464844,258.263427734375,264.92498779296875,258.9833679199219,339.1442565917969,327.3778991699219,226.013916015625,323.7781982421875,390.3050842285156,373.4542236328125,137.3831787109375,333.8573913574219,486.1415710449219,381.3736267089844,485.42095947265625,380.6536560058594,324.01214599609375,514.56298828125,249.79290771484375,510.9632873535156,191.42630004882812,605.2758178710938,191.42630004882812,604.5557861328125,253.3957977294922,651.3521118164062,280.05706787109375,802.5401000976562
59,295.47515869140625,272.68560791015625,306.9996032714844,261.1738586425781,283.9507141113281,261.1738586425781,313.4820861816406,261.8933410644531,258.02069091796875,261.8933410644531,337.2512512207031,328.0859069824219,221.28652954101562,330.9638671875,390.55181884765625,367.6575927734375,108.2029037475586,343.9145812988281,488.5096130371094,366.9380798339844,39.77650833129883,355.42633056640625,324.2862548828125,514.432373046875,249.37738037109375,511.5544738769531,303.398193359375,680.63330078125,193.9159698486328,605.8069458007812,283.9507141113281,785.6781005859375,258.02069091796875,651.8539428710938
60,303.546630859375,271.1910095214844,304.98681640625,258.9604797363281,288.42486572265625,260.3993835449219,252.42066955566406,262.55767822265625,308.58721923828125,261.1188049316406,219.2967987060547,332.3436584472656,333.0700988769531,321.5520324707031,119.2051010131836,355.3658447265625,394.2772216796875,363.2796936035156,491.48858642578125,353.92694091796875,487.88818359375,354.6463928222656,252.42066955566406,514.3627319335938,325.8692321777344,514.3627319335938,196.9741973876953,607.8903198242188,304.2667236328125,671.2012939453125,255.30099487304688,649.6180419921875,281.2240295410156,801.4205322265625
61,291.58538818359375,268.33709716796875,293.0272521972656,256.81878662109375,277.88775634765625,261.1381530761719,241.1204071044922,268.33709716796875,299.5155944824219,261.1381530761719,215.88792419433594,337.4469299316406,327.6318054199219,318.0097961425781,117.84168243408203,365.5228271484375,399.003662109375,346.80560302734375,497.7708740234375,317.2898864746094,493.4452819824219,318.0097961425781,257.7017517089844,509.501708984375,332.6783142089844,517.4205322265625,196.42286682128906,604.5277709960938,308.166748046875,671.4779663085938,258.42266845703125,650.6010131835938,282.9342346191406,802.498779296875
62,283.14483642578125,268.9314270019531,285.30596923828125,255.97219848632812,266.57598876953125,259.5719909667969,296.8321228027344,257.412109375,238.48104858398438,271.09130859375,329.2493591308594,319.32843017578125,215.4287567138672,339.4872131347656,401.2877197265625,338.7672424316406,117.45659637451172,376.92498779296875,496.3783264160156,304.20928955078125,496.3783264160156,304.20928955078125,329.9697570800781,516.5966186523438,255.77024841308594,514.436767578125,301.8747863769531,687.2264404296875,196.69879150390625,608.0311889648438,256.4906311035156,646.9088134765625,257.931396484375,646.1888427734375
63,275.482421875,270.85968017578125,279.0865478515625,257.1849060058594,258.18280029296875,261.5032653808594,230.07090759277344,272.29913330078125,232.2333526611328,273.01885986328125,328.8229675292969,320.52069091796875,329.5437927246094,319.8009338378906,97.44037628173828,389.6142272949219,402.34637451171875,330.5968322753906,493.1694641113281,293.171142578125,492.44866943359375,293.890869140625,258.18280029296875,509.8082580566406,257.46197509765625,509.0885009765625,303.5943603515625,685.4210815429688,202.67982482910156,604.0921630859375,258.18280029296875,648.715087890625,282.69061279296875,802.0164794921875
64,268.35308837890625,273.2080993652344,275.5610656738281,260.97705078125,251.05401611328125,263.8549499511719,224.3845672607422,275.3665466308594,226.54693603515625,276.08599853515625,328.1791687011719,320.69342041015625,328.89996337890625,319.9739685058594,104.73242950439453,393.3603515625,404.5835266113281,323.57135009765625,3.1001954078674316,431.4925537109375,487.4750671386719,283.28076171875,259.70355224609375,508.4762878417969,258.261962890625,516.3905639648438,306.5552978515625,677.5528564453125,200.59828186035156,611.3612060546875,259.70355224609375,650.9323120117188,259.70355224609375,649.4933471679688
65,261.6134948730469,270.08416748046875,263.0540466308594,258.5679931640625,243.60659790039062,266.4853820800781,278.1798400878906,263.6063232421875,221.9983367919922,280.1608581542969,327.87884521484375,315.42919921875,215.51585388183594,346.3789367675781,406.3889465332031,310.3908386230469,407.10919189453125,311.110595703125,5.195354461669922,451.46417236328125,492.10174560546875,258.5679931640625,331.4802551269531,510.4846496582031,261.6134948730469,510.4846496582031,198.22923278808594,609.0919799804688,201.8306121826172,607.6525268554688,262.3337707519531,650.118408203125,259.4526672363281,642.2010498046875
66,263.156005859375,275.1305236816406,264.59600830078125,263.61260986328125,246.5957794189453,267.9317932128906,215.63531494140625,282.3291931152344,217.07534790039062,282.3291931152344,323.6368713378906,316.16302490234375,210.59523010253906,353.5962219238281,407.87811279296875,302.48553466796875,410.7580871582031,302.48553466796875,8.272329330444336,457.97723388671875,491.3992614746094,247.0556182861328,332.99700927734375,510.52764892578125,263.156005859375,511.24755859375,304.19659423828125,686.8955078125,201.235107421875,609.149658203125,264.59600830078125,652.3418579101562,262.4360046386719,648.0225830078125
67,215.87576293945312,285.4187316894531,233.87680053710938,271.0174865722656,213.7156219482422,274.6177978515625,263.39849853515625,265.2569885253906,212.27554321289062,284.69866943359375,324.6020202636719,314.94134521484375,212.99559020996094,353.1046447753906,409.5669860839844,298.3798828125,410.2869873046875,299.0999450683594,486.6114501953125,242.21498107910156,485.8913879394531,242.21498107910156,333.96258544921875,510.7984619140625,262.678466796875,510.7984619140625,309.4811706542969,687.9338989257812,200.7548828125,610.1671142578125,262.678466796875,645.4502563476562,260.5183410644531,644.7301635742188
68,211.19451904296875,288.5625,249.37525939941406,265.530517578125,220.55960083007812,274.16748046875,265.223876953125,265.530517578125,210.47413635253906,287.12298583984375,322.134765625,312.314208984375,210.47413635253906,354.7794494628906,408.5817565917969,290.00201416015625,121.1456298828125,418.1173400878906,487.82476806640625,236.02078247070312,14.527722358703613,472.09857177734375,335.82220458984375,510.2452697753906,263.7830810546875,511.68475341796875,308.4473571777344,696.6603393554688,201.82943725585938,611.0101928710938,266.6646423339844,650.596435546875,264.50347900390625,649.1569213867188
69,210.96343994140625,291.4286193847656,220.32908630371094,277.0318908691406,203.0386505126953,280.631103515625,256.3508605957031,267.6740417480469,201.5977783203125,289.98895263671875,319.7491760253906,315.18316650390625,210.96343994140625,356.9336242675781,405.48095703125,280.631103515625,130.27467346191406,418.11962890625,483.2879638671875,218.72523498535156,23.65025520324707,479.30560302734375,337.03961181640625,512.4180297851562,267.1573791503906,512.4180297851562,313.2652282714844,677.2603149414062,202.31822204589844,612.4751586914062,284.44781494140625,799.6322631835938,266.43695068359375,648.4669189453125
70,248.69163513183594,277.88543701171875,248.69163513183594,266.37091064453125,230.6873016357422,271.40850830078125,260.2144470214844,268.5298767089844,202.60052490234375,293.71783447265625,314.22747802734375,311.7092590332031,204.7610321044922,365.6834716796875,400.6483154296875,279.3247375488281,126.98226165771484,425.4148864746094,482.0279541015625,203.0411834716797,34.07984161376953,481.54803466796875,337.27301025390625,512.4932861328125,267.4161682128906,513.2129516601562,312.787109375,678.01416015625,204.04086303710938,611.8058471679688,285.4205017089844,796.0377197265625,268.85650634765625,649.2279052734375
71,199.1891632080078,295.44989013671875,234.48287963867188,273.8544616699219,201.34999084472656,283.2124938964844,254.65072631835938,273.1346130371094,198.46888732910156,295.44989013671875,313.7137451171875,309.846923828125,207.83250427246094,364.555419921875,397.2662048339844,279.6132507324219,137.2450408935547,423.5830383300781,33.52467346191406,489.8091125488281,37.126075744628906,489.0892639160156,336.7626953125,513.5641479492188,266.8955078125,512.8442993164062,314.43402099609375,682.7285766601562,202.07028198242188,612.1834716796875,287.78363037109375,797.9044189453125,270.4969177246094,651.7750854492188
72,196.18960571289062,297.1711730957031,212.0305633544922,282.7712097167969,194.74948120117188,285.6512145996094,248.0327911376953,273.4112243652344,196.18960571289062,297.1711730957031,314.27685546875,310.1311340332031,204.8301239013672,367.0110168457031,398.5220947265625,272.69122314453125,137.1459503173828,427.4908447265625,36.33974838256836,495.8907165527344,21.218820571899414,498.77069091796875,335.878173828125,518.9306640625,267.4739685058594,517.4906616210938,314.9969177246094,673.7302856445312,204.8301239013672,614.6904296875,284.0350036621094,799.010009765625,269.63409423828125,650.6903686523438
73,192.6675567626953,299.6327819824219,204.90570068359375,287.4023742675781,190.50787353515625,293.1578674316406,245.939453125,272.2942810058594,193.38743591308594,297.4744873046875,310.7296142578125,308.9854431152344,207.78524780273438,367.2596435546875,392.0772705078125,265.09991455078125,137.23597717285156,437.76422119140625,42.21041488647461,508.98822021484375,42.21041488647461,508.98822021484375,338.08544921875,510.42706298828125,267.5361633300781,510.42706298828125,318.6484069824219,672.2998657226562,207.06536865234375,613.30615234375,286.97320556640625,799.6397705078125,272.5754089355469,654.31396484375
74,197.26646423339844,300.33807373046875,226.078369140625,281.61407470703125,196.54617309570312,288.0954895019531,244.80609130859375,280.8939514160156,193.66500854492188,303.21868896484375,308.1922302246094,311.140380859375,202.30856323242188,373.7936706542969,391.7467041015625,262.16998291015625,135.3209228515625,443.6484375,457.29376220703125,185.1136474609375,40.962005615234375,516.3838500976562,340.6056213378906,511.3427734375,268.5758972167969,510.62261962890625,318.2763977050781,673.3771362304688,210.23182678222656,612.1641235351562,286.58331298828125,797.9635009765625,275.0585632324219,656.0934448242188
75,195.2242431640625,303.7866516113281,205.3033447265625,287.95068359375,187.3050079345703,292.9894104003906,240.58004760742188,279.3128967285156,188.02493286132812,303.0668640136719,306.0939636230469,313.8641357421875,202.423583984375,375.7684020996094,391.04608154296875,256.99853515625,134.7498779296875,449.1897888183594,49.077842712402344,523.3309936523438,50.51770782470703,522.6111450195312,337.7710266113281,513.9733276367188,267.21759033203125,513.9733276367188,318.33282470703125,678.0916748046875,210.3428497314453,616.9072265625,288.09564208984375,799.7407836914062,272.2571105957031,655.0575561523438
76,196.08544921875,303.8538818359375,215.5277557373047,282.2628173828125,191.04483032226562,293.058349609375,238.5704803466797,280.10369873046875,190.3247528076172,305.2933044433594,306.258544921875,314.6494445800781,200.4059600830078,377.2635803222656,390.50860595703125,256.353515625,137.7584991455078,449.9534912109375,445.9552001953125,172.86801147460938,57.8289794921875,525.5222778320312,338.66241455078125,511.847900390625,268.093994140625,513.287353515625,315.6196594238281,676.6598510742188,211.20724487304688,616.204833984375,285.3760681152344,800.44873046875,269.5341796875,653.6293334960938
77,191.07383728027344,304.7855224609375,213.3875732421875,283.90875244140625,183.87583923339844,295.4269714355469,237.14093017578125,282.468994140625,184.59564208984375,306.9451904296875,304.08221435546875,311.984375,198.99160766601562,380.3737487792969,379.6610412597656,260.8723449707031,145.0067138671875,451.6426086425781,61.51007843017578,536.58935546875,62.94968032836914,535.8694458007812,339.3523254394531,511.393310546875,267.3724670410156,513.552978515625,313.4395751953125,677.6873168945312,217.70635986328125,618.6565551757812,284.64764404296875,799.348388671875,273.130859375,655.370849609375
78,188.89894104003906,311.3298645019531,198.26312255859375,294.7701110839844,183.856689453125,300.530029296875,231.39796447753906,284.6903076171875,184.57699584960938,309.889892578125,298.3879699707031,312.76983642578125,200.42410278320312,377.56878662109375,390.5892333984375,259.4906921386719,144.9592742919922,451.0076599121094,64.28315734863281,538.8462524414062,65.72380828857422,538.126220703125,339.44635009765625,511.48663330078125,269.5750427246094,512.2066650390625,317.1163330078125,676.364013671875,216.2711944580078,614.4450073242188,283.98150634765625,800.9219360351562,271.01568603515625,651.1643676757812
79,194.21629333496094,305.83636474609375,208.61314392089844,288.5567626953125,183.4186553955078,298.6365051269531,233.08778381347656,283.5168762207031,180.53929138183594,308.7162780761719,297.1537780761719,313.03619384765625,199.9750518798828,379.2746276855469,379.2158203125,256.15753173828125,140.9479522705078,457.75274658203125,438.2428894042969,181.27931213378906,61.045440673828125,539.830810546875,338.1847839355469,510.3115234375,268.3600769042969,517.5113525390625,314.42999267578125,676.6275634765625,220.85047912597656,621.1888427734375,284.19659423828125,800.4646606445312,274.8386535644531,655.028076171875
80,188.00173950195312,308.0772705078125,199.52041625976562,294.3963623046875,182.2423858642578,303.7569885253906,229.0370635986328,282.1555480957031,182.2423858642578,308.0772705078125,293.8296813964844,316.7178649902344,198.8004913330078,381.52215576171875,376.6203308105469,256.9538879394531,139.7672119140625,458.5672607421875,442.1328430175781,170.5481414794922,65.61563873291016,537.0524291992188,339.1845703125,509.6906433105469,267.1927490234375,511.1307373046875,316.8670654296875,676.74169921875,218.9582061767578,623.458251953125,287.3504333496094,799.8699340820312,272.9520568847656,655.1402587890625
81,182.23638916015625,309.95318603515625,186.5594482421875,298.4410705566406,174.31077575683594,304.1971130371094,228.3490447998047,282.6119079589844,175.75180053710938,306.35565185546875,291.75390625,316.4287414550781,193.0440216064453,383.3428649902344,375.33306884765625,257.4291687011719,135.40322875976562,461.0495910644531,431.5328674316406,175.40541076660156,62.631717681884766,536.5977783203125,337.14605712890625,508.53704833984375,265.8155517578125,510.695556640625,316.9717712402344,668.987060546875,221.14393615722656,616.4630126953125,285.9898376464844,796.3397827148438,270.859130859375,655.31640625
82,185.27230834960938,308.0429992675781,193.91900634765625,292.21319580078125,177.34620666503906,297.2499084472656,229.22621154785156,282.1396179199219,175.18453979492188,305.8843688964844,292.6351013183594,315.9578857421875,194.63954162597656,381.4358215332031,377.6606750488281,256.9558410644531,135.55398559570312,464.90216064453125,53.41065979003906,539.0145263671875,54.1312141418457,539.0145263671875,337.3095397949219,505.91583251953125,264.5334167480469,512.3916625976562,315.69287109375,676.4461669921875,222.7412109375,616.0050659179688,284.708984375,798.048095703125,269.57733154296875,654.860107421875
83,183.70013427734375,307.2962646484375,194.50555419921875,292.9001159667969,177.937255859375,301.5378112792969,226.92178344726562,281.3831787109375,174.33544921875,305.1368103027344,291.7543029785156,314.49432373046875,193.78518676757812,380.71661376953125,376.0364990234375,263.3880310058594,139.03775024414062,458.45574951171875,55.47587585449219,534.7553100585938,56.19623947143555,534.0354614257812,336.4166564941406,506.68280029296875,265.8212890625,507.4026184082031,315.52618408203125,675.11767578125,225.4810791015625,611.0548095703125,283.1099548339844,799.6443481445312,273.02490234375,660.0017700195312
84,184.86734008789062,304.67724609375,194.23806762695312,290.28582763671875,174.05494689941406,298.20111083984375,229.55850219726562,278.7727355957031,174.05494689941406,301.0793762207031,293.71197509765625,311.8729553222656,192.79641723632812,378.0733337402344,373.0027770996094,265.8204650878906,140.17616271972656,463.70208740234375,55.83958053588867,534.939453125,58.00205993652344,534.2199096679688,333.35736083984375,505.4371643066406,264.15814208984375,511.9132385253906,311.0118103027344,670.218505859375,223.7919158935547,609.05517578125,284.34124755859375,795.4236450195312,269.20391845703125,655.1075439453125
85,185.65328979492188,302.3848571777344,194.3038787841797,288.7016906738281,178.44448852539062,292.302490234375,228.90621948242188,277.17901611328125,176.28182983398438,300.94451904296875,291.6229553222656,314.6276550292969,191.4203643798828,373.6813049316406,379.5705261230469,266.37652587890625,137.35421752929688,464.4222717285156,55.17365646362305,530.6775512695312,55.8945426940918,529.9574584960938,329.1087951660156,504.7516174316406,259.9041442871094,504.7516174316406,307.48236083984375,684.072998046875,222.4182891845703,607.0152587890625,282.2514953613281,796.4190063476562,269.9964904785156,656.7067260742188
86,182.6715545654297,296.8773498535156,192.03173828125,283.9224548339844,175.47142028808594,287.5210266113281,228.75244140625,274.566162109375,174.75140380859375,294.71820068359375,294.9937438964844,312.7110900878906,189.87168884277344,369.56866455078125,379.9553527832031,273.126708984375,136.59068298339844,458.81341552734375,45.868927001953125,529.3455810546875,47.3089599609375,528.6258544921875,327.39434814453125,498.3978271484375,258.27301025390625,505.594970703125,304.3539123535156,684.80419921875,222.27232360839844,611.3931274414062,282.7535095214844,799.2389526367188,267.6332092285156,658.1746826171875
87,200.55020141601562,289.7679443359375,211.3565216064453,273.93408203125,184.70089721679688,282.57073974609375,235.8509063720703,273.93408203125,177.4966583251953,294.0863037109375,293.4847412109375,315.6779479980469,186.86216735839844,372.53594970703125,379.9355163574219,281.85101318359375,131.3896026611328,455.3039245605469,458.4615783691406,201.96192932128906,42.05717086791992,515.0408325195312,323.74249267578125,502.8055419921875,257.4635925292969,505.6844177246094,305.73193359375,679.8570556640625,224.3241424560547,613.6426391601562,281.9579772949219,802.9293823242188,266.8291015625,656.106201171875
88,181.97988891601562,293.73297119140625,197.8355712890625,275.7342834472656,180.53846740722656,281.4938659667969,236.0333251953125,272.8544616699219,179.81776428222656,288.6933288574219,299.4560241699219,315.3314208984375,190.62844848632812,365.7277526855469,390.2657775878906,277.89410400390625,133.69216918945312,446.3619384765625,29.188854217529297,500.35809326171875,31.35099220275879,498.9181823730469,321.077392578125,508.27752685546875,252.60971069335938,508.9974365234375,302.3388671875,685.3847045898438,219.4569549560547,619.1495361328125,282.879638671875,796.2567138671875,264.86181640625,657.3067626953125
89,215.0602264404297,280.44989013671875,224.4261474609375,268.2175598144531,197.76930236816406,273.2544250488281,243.87843322753906,270.376220703125,185.52159118652344,289.80401611328125,297.192138671875,318.5859375,187.6829376220703,357.4415283203125,391.5717468261719,295.5603942871094,119.96015930175781,426.51812744140625,475.14453125,232.24017333984375,9.730524063110352,459.61737060546875,316.6444091796875,511.4248046875,248.921630859375,512.1443481445312,297.9125671386719,681.957763671875,215.7806854248047,618.637451171875,279.9012145996094,800.6831665039062,260.44891357421875,660.3712158203125
90,226.91543579101562,276.490234375,232.679931640625,264.2490234375,208.18080139160156,267.12933349609375,249.2528839111328,267.8493957519531,185.8433380126953,278.65045166015625,300.412841796875,324.014892578125,185.122802734375,357.13812255859375,393.36541748046875,302.41278076171875,109.46370697021484,419.064208984375,477.6712951660156,245.52719116210938,30.201799392700195,433.4656677246094,314.8240966796875,507.6329040527344,243.48838806152344,509.7931213378906,301.8539733886719,670.3688354492188,213.94529724121094,619.243896484375,280.9576416015625,801.4217529296875,257.899658203125,661.72802734375
91,215.78721618652344,279.4153747558594,228.7560577392578,264.2936706542969,202.818359375,270.0543212890625,250.3708038330078,271.4944763183594,190.57000732421875,277.9752197265625,296.4822692871094,321.1800231933594,189.1290283203125,352.863525390625,365.6494445800781,320.4599304199219,106.27250671386719,403.2691650390625,1.0807373523712158,414.0703430175781,1.0807373523712158,414.7904357910156,315.2150573730469,509.8409729003906,239.5634307861328,515.6016235351562,299.3642272949219,670.4188232421875,210.7437744140625,614.2526245117188,281.3519592285156,793.5526123046875,255.4142608642578,660.3377075195312
92,237.88783264160156,269.0465393066406,242.9290313720703,258.2448425292969,218.4431915283203,264.7258605957031,257.3324890136719,266.8861999511719,194.677490234375,275.5275573730469,297.662109375,325.2152404785156,183.1547393798828,349.69903564453125,392.7248229980469,315.8537902832031,96.73411560058594,388.5850830078125,492.1085510253906,267.6063232421875,16.074838638305664,385.7046203613281,307.7445373535156,515.32470703125,237.16766357421875,516.7649536132812,296.94195556640625,667.9884033203125,210.5212860107422,617.58056640625,278.9376220703125,797.6085205078125,255.1719512939453,660.7872924804688
93,249.05625915527344,266.1439208984375,251.2188262939453,256.06707763671875,228.15139770507812,257.5066223144531,259.869140625,264.7043762207031,202.20053100585938,268.3032531738281,298.0745849609375,325.1655578613281,176.97052001953125,343.87969970703125,391.0652160644531,331.6435241699219,86.14247131347656,359.7147521972656,497.03125,298.5338439941406,1.8021438121795654,348.9181213378906,303.1205749511719,513.7467651367188,228.15139770507812,515.9060668945312,290.1451416015625,674.9765014648438,200.03794860839844,615.9549560546875,278.6114196777344,795.8988037109375,249.05625915527344,656.9821166992188
94,251.66162109375,263.41583251953125,256.7040100097656,251.89804077148438,229.33106994628906,252.617919921875,262.46673583984375,261.2562561035156,204.11917114257812,264.1357116699219,297.7633972167969,327.4835510253906,174.585205078125,338.2814636230469,389.9670104980469,338.2814636230469,87.42401885986328,346.9197998046875,503.0603942871094,310.9267272949219,7.466231822967529,331.8027038574219,297.0430908203125,511.0482482910156,222.12767028808594,514.6475830078125,288.39898681640625,670.8575439453125,192.5937042236328,613.9884643554688,278.314208984375,802.59228515625,245.89891052246094,655.740478515625
95,262.5553894042969,266.253173828125,263.99700927734375,255.45135498046875,253.90576171875,255.45135498046875,207.77442932128906,263.3726501464844,209.2160186767578,263.3726501464844,301.47869873046875,328.18341064453125,176.77992248535156,333.2242431640625,394.4621887207031,344.02606201171875,84.51725006103516,333.2242431640625,499.6993103027344,328.18341064453125,499.6993103027344,328.18341064453125,294.9914855957031,515.4144897460938,216.42404174804688,516.1346435546875,282.73785400390625,684.642578125,187.59194946289062,615.5110473632812,243.8145294189453,656.5579223632812,243.8145294189453,653.6774291992188
96,257.1555480957031,267.9493103027344,259.3163146972656,256.43939208984375,229.06570434570312,254.2812957763672,210.33912658691406,262.1943664550781,273.0010986328125,265.07183837890625,178.6480255126953,331.2539367675781,304.69219970703125,330.5345458984375,83.5746841430664,320.46337890625,386.08074951171875,352.1156921386719,503.48187255859375,343.4832458496094,500.6009521484375,344.9219665527344,212.4998779296875,517.5708618164062,295.32891845703125,518.2902221679688,176.4872589111328,619.7214965820312,179.36827087402344,619.0021362304688,236.26821899414062,658.5675048828125,238.42898559570312,654.9706420898438
97,259.7325134277344,267.012939453125,264.77532958984375,258.37823486328125,243.16342163085938,256.9391174316406,278.46282958984375,265.5738220214844,216.50872802734375,262.6955871582031,298.63397216796875,334.6514587402344,176.16651916503906,322.4189453125,384.36114501953125,367.0315856933594,90.4393081665039,299.39306640625,490.9798583984375,372.78802490234375,493.1410827636719,374.94671630859375,279.1832580566406,517.4193115234375,204.98239135742188,517.4193115234375,275.5812683105469,659.1723022460938,160.3177947998047,615.279296875,279.1832580566406,800.205810546875,232.3574676513672,659.891845703125
98,276.1576843261719,270.48931884765625,276.1576843261719,259.6974792480469,263.1961669921875,259.6974792480469,217.83094787597656,260.4169006347656,279.7580871582031,264.733642578125,176.06613159179688,318.6929016113281,302.8007507324219,339.5570983886719,82.45535278320312,286.3173522949219,386.330322265625,376.9688415527344,487.862060546875,389.9190673828125,487.862060546875,389.9190673828125,200.5489501953125,512.9461059570312,276.1576843261719,517.2628784179688,274.7174987792969,658.2763061523438,153.74356079101562,620.8645629882812,278.3179016113281,800.7286376953125,227.91209411621094,660.4346313476562
99,273.31689453125,271.3365783691406,275.4781188964844,259.0982360839844,252.42506408691406,257.6584167480469,223.60877990722656,258.37835693359375,223.60877990722656,258.37835693359375,298.5311584472656,339.0074462890625,176.7822723388672,315.9705505371094,377.7759704589844,378.60211181640625,90.33336639404297,282.85504150390625,475.031005859375,402.3589172363281,480.0738830566406,403.0788269042969,265.39239501953125,518.983154296875,188.30880737304688,516.823486328125,272.5964660644531,662.9637451171875,140.7618865966797,616.8899536132812,278.3597412109375,801.9049682617188,214.96388244628906,662.2438354492188
100,278.8289489746094,272.04541015625,282.4313049316406,260.5301818847656,265.8605041503906,259.81048583984375,222.63232421875,259.0907897949219,223.352783203125,259.0907897949219,291.0769348144531,338.2579345703125,172.91990661621094,313.0683898925781,379.6947021484375,386.47796630859375,87.18400573730469,273.48480224609375,474.0762634277344,418.144775390625,475.5172119140625,418.864501953125,264.4195556640625,520.3424072265625,186.6088409423828,511.70599365234375,270.90380859375,667.1614990234375,126.80984497070312,620.3809204101562,278.1084899902344,805.3441162109375,214.70713806152344,662.12353515625
101,271.8251953125,272.0812072753906,276.8673095703125,261.2835693359375,252.37710571289062,259.1240539550781,279.7485046386719,270.6415100097656,222.8448028564453,256.24468994140625,289.1123962402344,341.1860656738281,170.2628936767578,306.6336364746094,371.2265930175781,396.6139221191406,80.22538757324219,259.1240539550781,454.7814025878906,440.5242919921875,461.26409912109375,442.6838073730469,250.21620178222656,522.5862426757812,168.82228088378906,514.6680908203125,261.02069091796875,680.9515991210938,107.5967788696289,621.9244995117188,278.3078918457031,798.285888671875,196.91400146484375,666.5547485351562
102,263.19561767578125,272.2181701660156,271.8343505859375,262.13714599609375,250.9573974609375,260.697021484375,279.7532043457031,269.337890625,218.56214904785156,257.0966796875,286.23223876953125,342.065185546875,168.88941955566406,306.06158447265625,358.2217102050781,396.07061767578125,81.78216552734375,256.3765869140625,443.1692810058594,450.796142578125,448.2085266113281,452.2362365722656,244.4783477783203,522.083251953125,162.41036987304688,514.1624755859375,261.0359191894531,668.2579956054688,97.61984252929688,624.3335571289062,276.1537170410156,794.9906616210938,194.0857391357422,675.4586791992188
103,260.89190673828125,275.7029724121094,270.98345947265625,264.1866149902344,246.47535705566406,261.30755615234375,276.0292663574219,268.5052490234375,211.87564086914062,255.5493621826172,281.0750427246094,346.9603576660156,161.41775512695312,306.65313720703125,351.71612548828125,400.9432373046875,77.08097839355469,252.67027282714844,431.0070495605469,457.08538818359375,432.4486999511719,457.80517578125,239.9879150390625,523.3043823242188,159.97610473632812,516.8264770507812,259.4502258300781,664.379638671875,89.33503723144531,626.951416015625,277.4709167480469,799.6966552734375,177.9967803955078,676.61572265625
